,batter,bowler,non_striker,runs_by_bat,extra_runs,total_runs_delivery,current_team_total,runs_remain,batter_runs,balls_faced,wickets_fallen,extra_type,delivery,wicket_type,player_out,fielder,over,toss_decision,toss_winner,innings,venue,year,month,match_id,winning_team,batting_team,bowling_team,won,final_team_total
0,Kamran Akmal,DP Nannes,Salman Butt,0,1,1,1,190,0,1,0,wides,0.0,0,,,0,bat,Australia,2,"Beausejour Stadium, Gros Islet",2010,05,Australia_Pakistan_2010-05-02,Australia,Pakistan,Australia,False,157
1,Kamran Akmal,DP Nannes,Salman Butt,0,0,0,1,190,0,2,1,-,1.0,caught,Kamran Akmal,SPD Smith,0,bat,Australia,2,"Beausejour Stadium, Gros Islet",2010,05,Australia_Pakistan_2010-05-02,Australia,Pakistan,Australia,False,157
2,Mohammad Hafeez,DP Nannes,Salman Butt,4,0,4,5,186,4,1,1,-,2.0,0,,,0,bat,Australia,2,"Beausejour Stadium, Gros Islet",2010,05,Australia_Pakistan_2010-05-02,Australia,Pakistan,Australia,False,157
3,Mohammad Hafeez,DP Nannes,Salman Butt,0,0,0,5,186,4,2,1,-,3.0,0,,,0,bat,Australia,2,"Beausejour Stadium, Gros Islet",2010,05,Australia_Pakistan_2010-05-02,Australia,Pakistan,Australia,False,157
4,Mohammad Hafeez,DP Nannes,Salman Butt,0,0,0,5,186,4,3,1,-,4.0,0,,,0,bat,Australia,2,"Beausejour Stadium, Gros Islet",2010,05,Australia_Pakistan_2010-05-02,Australia,Pakistan,Australia,False,157
5,Mohammad Hafeez,DP Nannes,Salman Butt,0,0,0,5,186,4,4,1,-,5.0,0,,,0,bat,Australia,2,"Beausejour Stadium, Gros Islet",2010,05,Australia_Pakistan_2010-05-02,Australia,Pakistan,Australia,False,157
6,Mohammad Hafeez,DP Nannes,Salman Butt,4,0,4,9,182,8,5,1,-,6.0,0,,,0,bat,Australia,2,"Beausejour Stadium, Gros Islet",2010,05,Australia_Pakistan_2010-05-02,Australia,Pakistan,Australia,False,157
7,Salman Butt,SW Tait,Mohammad Hafeez,0,1,1,10,181,0,1,1,wides,0.0,0,,,1,bat,Australia,2,"Beausejour Stadium, Gros Islet",2010,05,Australia_Pakistan_2010-05-02,Australia,Pakistan,Australia,False,157
8,Salman Butt,SW Tait,Mohammad Hafeez,0,0,0,10,181,0,2,1,-,1.0,0,,,1,bat,Australia,2,"Beausejour Stadium, Gros Islet",2010,05,Australia_Pakistan_2010-05-02,Australia,Pakistan,Australia,False,157
9,Salman Butt,SW Tait,Mohammad Hafeez,2,0,2,12,179,2,3,1,-,2.0,0,,,1,bat,Australia,2,"Beausejour Stadium, Gros Islet",2010,05,Australia_Pakistan_2010-05-02,Australia,Pakistan,Australia,False,157
10,Salman Butt,SW Tait,Mohammad Hafeez,1,0,1,13,178,3,4,1,-,3.0,0,,,1,bat,Australia,2,"Beausejour Stadium, Gros Islet",2010,05,Australia_Pakistan_2010-05-02,Australia,Pakistan,Australia,False,157
11,Mohammad Hafeez,SW Tait,Salman Butt,0,0,0,13,178,8,6,1,-,4.0,0,,,1,bat,Australia,2,"Beausejour Stadium, Gros Islet",2010,05,Australia_Pakistan_2010-05-02,Australia,Pakistan,Australia,False,157
12,Mohammad Hafeez,SW Tait,Salman Butt,0,0,0,13,178,8,7,1,-,5.0,0,,,1,bat,Australia,2,"Beausejour Stadium, Gros Islet",2010,05,Australia_Pakistan_2010-05-02,Australia,Pakistan,Australia,False,157
13,Mohammad Hafeez,SW Tait,Salman Butt,0,1,1,14,177,8,8,1,wides,5.0,0,,,1,bat,Australia,2,"Beausejour Stadium, Gros Islet",2010,05,Australia_Pakistan_2010-05-02,Australia,Pakistan,Australia,False,157
14,Mohammad Hafeez,SW Tait,Salman Butt,0,0,0,14,177,8,9,1,-,6.0,0,,,1,bat,Australia,2,"Beausejour Stadium, Gros Islet",2010,05,Australia_Pakistan_2010-05-02,Australia,Pakistan,Australia,False,157
15,Salman Butt,DP Nannes,Mohammad Hafeez,0,0,0,14,177,3,5,1,-,1.0,0,,,2,bat,Australia,2,"Beausejour Stadium, Gros Islet",2010,05,Australia_Pakistan_2010-05-02,Australia,Pakistan,Australia,False,157
16,Salman Butt,DP Nannes,Mohammad Hafeez,4,0,4,18,173,7,6,1,-,2.0,0,,,2,bat,Australia,2,"Beausejour Stadium, Gros Islet",2010,05,Australia_Pakistan_2010-05-02,Australia,Pakistan,Australia,False,157
17,Salman Butt,DP Nannes,Mohammad Hafeez,0,0,0,18,173,7,7,1,-,3.0,0,,,2,bat,Australia,2,"Beausejour Stadium, Gros Islet",2010,05,Australia_Pakistan_2010-05-02,Australia,Pakistan,Australia,False,157
18,Salman Butt,DP Nannes,Mohammad Hafeez,4,0,4,22,169,11,8,1,-,4.0,0,,,2,bat,Australia,2,"Beausejour Stadium, Gros Islet",2010,05,Australia_Pakistan_2010-05-02,Australia,Pakistan,Australia,False,157
19,Salman Butt,DP Nannes,Mohammad Hafeez,4,0,4,26,165,15,9,1,-,5.0,0,,,2,bat,Australia,2,"Beausejour Stadium, Gros Islet",2010,05,Australia_Pakistan_2010-05-02,Australia,Pakistan,Australia,False,157
20,Salman Butt,DP Nannes,Mohammad Hafeez,0,2,2,28,163,15,10,1,wides,5.0,0,,,2,bat,Australia,2,"Beausejour Stadium, Gros Islet",2010,05,Australia_Pakistan_2010-05-02,Australia,Pakistan,Australia,False,157
21,Mohammad Hafeez,DP Nannes,Salman Butt,0,0,0,28,163,8,10,1,-,6.0,0,,,2,bat,Australia,2,"Beausejour Stadium, Gros Islet",2010,05,Australia_Pakistan_2010-05-02,Australia,Pakistan,Australia,False,157
22,Salman Butt,SW Tait,Mohammad Hafeez,0,0,0,28,163,15,11,1,-,1.0,0,,,3,bat,Australia,2,"Beausejour Stadium, Gros Islet",2010,05,Australia_Pakistan_2010-05-02,Australia,Pakistan,Australia,False,157
23,Salman Butt,SW Tait,Mohammad Hafeez,0,0,0,28,163,15,12,2,-,2.0,caught,Salman Butt,DJ Hussey,3,bat,Australia,2,"Beausejour Stadium, Gros Islet",2010,05,Australia_Pakistan_2010-05-02,Australia,Pakistan,Australia,False,157
24,Mohammad Hafeez,SW Tait,Umar Akmal,0,0,0,28,163,8,11,2,-,3.0,0,,,3,bat,Australia,2,"Beausejour Stadium, Gros Islet",2010,05,Australia_Pakistan_2010-05-02,Australia,Pakistan,Australia,False,157
25,Mohammad Hafeez,SW Tait,Umar Akmal,0,1,1,29,162,8,12,2,wides,3.0,0,,,3,bat,Australia,2,"Beausejour Stadium, Gros Islet",2010,05,Australia_Pakistan_2010-05-02,Australia,Pakistan,Australia,False,157
26,Mohammad Hafeez,SW Tait,Umar Akmal,0,0,0,29,162,8,13,2,-,4.0,0,,,3,bat,Australia,2,"Beausejour Stadium, Gros Islet",2010,05,Australia_Pakistan_2010-05-02,Australia,Pakistan,Australia,False,157
27,Mohammad Hafeez,SW Tait,Umar Akmal,0,0,0,29,162,8,14,2,-,5.0,0,,,3,bat,Australia,2,"Beausejour Stadium, Gros Islet",2010,05,Australia_Pakistan_2010-05-02,Australia,Pakistan,Australia,False,157
28,Mohammad Hafeez,SW Tait,Umar Akmal,4,0,4,33,158,12,15,2,-,6.0,0,,,3,bat,Australia,2,"Beausejour Stadium, Gros Islet",2010,05,Australia_Pakistan_2010-05-02,Australia,Pakistan,Australia,False,157
29,Umar Akmal,MG Johnson,Mohammad Hafeez,1,0,1,34,157,1,1,2,-,1.0,0,,,4,bat,Australia,2,"Beausejour Stadium, Gros Islet",2010,05,Australia_Pakistan_2010-05-02,Australia,Pakistan,Australia,False,157
30,Mohammad Hafeez,MG Johnson,Umar Akmal,0,0,0,34,157,12,16,3,-,2.0,caught,Mohammad Hafeez,MEK Hussey,4,bat,Australia,2,"Beausejour Stadium, Gros Islet",2010,05,Australia_Pakistan_2010-05-02,Australia,Pakistan,Australia,False,157
31,Umar Akmal,MG Johnson,Misbah-ul-Haq,1,0,1,35,156,2,2,3,-,3.0,0,,,4,bat,Australia,2,"Beausejour Stadium, Gros Islet",2010,05,Australia_Pakistan_2010-05-02,Australia,Pakistan,Australia,False,157
32,Misbah-ul-Haq,MG Johnson,Umar Akmal,0,1,1,36,155,0,1,3,wides,3.0,0,,,4,bat,Australia,2,"Beausejour Stadium, Gros Islet",2010,05,Australia_Pakistan_2010-05-02,Australia,Pakistan,Australia,False,157
33,Misbah-ul-Haq,MG Johnson,Umar Akmal,1,0,1,37,154,1,2,3,-,4.0,0,,,4,bat,Australia,2,"Beausejour Stadium, Gros Islet",2010,05,Australia_Pakistan_2010-05-02,Australia,Pakistan,Australia,False,157
34,Umar Akmal,MG Johnson,Misbah-ul-Haq,1,0,1,38,153,3,3,3,-,5.0,0,,,4,bat,Australia,2,"Beausejour Stadium, Gros Islet",2010,05,Australia_Pakistan_2010-05-02,Australia,Pakistan,Australia,False,157
35,Misbah-ul-Haq,MG Johnson,Umar Akmal,0,0,0,38,153,1,3,3,-,6.0,0,,,4,bat,Australia,2,"Beausejour Stadium, Gros Islet",2010,05,Australia_Pakistan_2010-05-02,Australia,Pakistan,Australia,False,157
36,Umar Akmal,SR Watson,Misbah-ul-Haq,0,0,0,38,153,3,4,3,-,1.0,0,,,5,bat,Australia,2,"Beausejour Stadium, Gros Islet",2010,05,Australia_Pakistan_2010-05-02,Australia,Pakistan,Australia,False,157
37,Umar Akmal,SR Watson,Misbah-ul-Haq,2,0,2,40,151,5,5,3,-,2.0,0,,,5,bat,Australia,2,"Beausejour Stadium, Gros Islet",2010,05,Australia_Pakistan_2010-05-02,Australia,Pakistan,Australia,False,157
38,Umar Akmal,SR Watson,Misbah-ul-Haq,6,0,6,46,145,11,6,3,-,3.0,0,,,5,bat,Australia,2,"Beausejour Stadium, Gros Islet",2010,05,Australia_Pakistan_2010-05-02,Australia,Pakistan,Australia,False,157
39,Umar Akmal,SR Watson,Misbah-ul-Haq,1,0,1,47,144,12,7,3,-,4.0,0,,,5,bat,Australia,2,"Beausejour Stadium, Gros Islet",2010,05,Australia_Pakistan_2010-05-02,Australia,Pakistan,Australia,False,157
40,Misbah-ul-Haq,SR Watson,Umar Akmal,0,0,0,47,144,1,4,3,-,5.0,0,,,5,bat,Australia,2,"Beausejour Stadium, Gros Islet",2010,05,Australia_Pakistan_2010-05-02,Australia,Pakistan,Australia,False,157
41,Misbah-ul-Haq,SR Watson,Umar Akmal,2,0,2,49,142,3,5,3,-,6.0,0,,,5,bat,Australia,2,"Beausejour Stadium, Gros Islet",2010,05,Australia_Pakistan_2010-05-02,Australia,Pakistan,Australia,False,157
42,Umar Akmal,DJ Hussey,Misbah-ul-Haq,0,0,0,49,142,12,8,3,-,1.0,0,,,6,bat,Australia,2,"Beausejour Stadium, Gros Islet",2010,05,Australia_Pakistan_2010-05-02,Australia,Pakistan,Australia,False,157
43,Umar Akmal,DJ Hussey,Misbah-ul-Haq,2,0,2,51,140,14,9,3,-,2.0,0,,,6,bat,Australia,2,"Beausejour Stadium, Gros Islet",2010,05,Australia_Pakistan_2010-05-02,Australia,Pakistan,Australia,False,157
44,Umar Akmal,DJ Hussey,Misbah-ul-Haq,0,0,0,51,140,14,10,3,-,3.0,0,,,6,bat,Australia,2,"Beausejour Stadium, Gros Islet",2010,05,Australia_Pakistan_2010-05-02,Australia,Pakistan,Australia,False,157
45,Umar Akmal,DJ Hussey,Misbah-ul-Haq,1,0,1,52,139,15,11,3,-,4.0,0,,,6,bat,Australia,2,"Beausejour Stadium, Gros Islet",2010,05,Australia_Pakistan_2010-05-02,Australia,Pakistan,Australia,False,157
46,Misbah-ul-Haq,DJ Hussey,Umar Akmal,0,0,0,52,139,3,6,3,-,5.0,0,,,6,bat,Australia,2,"Beausejour Stadium, Gros Islet",2010,05,Australia_Pakistan_2010-05-02,Australia,Pakistan,Australia,False,157
47,Misbah-ul-Haq,DJ Hussey,Umar Akmal,1,0,1,53,138,4,7,3,-,6.0,0,,,6,bat,Australia,2,"Beausejour Stadium, Gros Islet",2010,05,Australia_Pakistan_2010-05-02,Australia,Pakistan,Australia,False,157
48,Misbah-ul-Haq,MJ Clarke,Umar Akmal,0,0,0,53,138,4,8,3,-,1.0,0,,,7,bat,Australia,2,"Beausejour Stadium, Gros Islet",2010,05,Australia_Pakistan_2010-05-02,Australia,Pakistan,Australia,False,157
49,Misbah-ul-Haq,MJ Clarke,Umar Akmal,6,0,6,59,132,10,9,3,-,2.0,0,,,7,bat,Australia,2,"Beausejour Stadium, Gros Islet",2010,05,Australia_Pakistan_2010-05-02,Australia,Pakistan,Australia,False,157
50,Misbah-ul-Haq,MJ Clarke,Umar Akmal,2,0,2,61,130,12,10,3,-,3.0,0,,,7,bat,Australia,2,"Beausejour Stadium, Gros Islet",2010,05,Australia_Pakistan_2010-05-02,Australia,Pakistan,Australia,False,157
51,Misbah-ul-Haq,MJ Clarke,Umar Akmal,1,0,1,62,129,13,11,3,-,4.0,0,,,7,bat,Australia,2,"Beausejour Stadium, Gros Islet",2010,05,Australia_Pakistan_2010-05-02,Australia,Pakistan,Australia,False,157
52,Umar Akmal,MJ Clarke,Misbah-ul-Haq,1,0,1,63,128,16,12,3,-,5.0,0,,,7,bat,Australia,2,"Beausejour Stadium, Gros Islet",2010,05,Australia_Pakistan_2010-05-02,Australia,Pakistan,Australia,False,157
53,Misbah-ul-Haq,MJ Clarke,Umar Akmal,4,0,4,67,124,17,12,3,-,6.0,0,,,7,bat,Australia,2,"Beausejour Stadium, Gros Islet",2010,05,Australia_Pakistan_2010-05-02,Australia,Pakistan,Australia,False,157
54,Umar Akmal,SPD Smith,Misbah-ul-Haq,2,0,2,69,122,18,13,3,-,1.0,0,,,8,bat,Australia,2,"Beausejour Stadium, Gros Islet",2010,05,Australia_Pakistan_2010-05-02,Australia,Pakistan,Australia,False,157
55,Umar Akmal,SPD Smith,Misbah-ul-Haq,0,1,1,70,121,18,14,3,wides,1.0,0,,,8,bat,Australia,2,"Beausejour Stadium, Gros Islet",2010,05,Australia_Pakistan_2010-05-02,Australia,Pakistan,Australia,False,157
56,Umar Akmal,SPD Smith,Misbah-ul-Haq,0,0,0,70,121,18,15,4,-,2.0,caught,Umar Akmal,MEK Hussey,8,bat,Australia,2,"Beausejour Stadium, Gros Islet",2010,05,Australia_Pakistan_2010-05-02,Australia,Pakistan,Australia,False,157
57,Misbah-ul-Haq,SPD Smith,Shahid Afridi,1,0,1,71,120,18,13,4,-,3.0,0,,,8,bat,Australia,2,"Beausejour Stadium, Gros Islet",2010,05,Australia_Pakistan_2010-05-02,Australia,Pakistan,Australia,False,157
58,Shahid Afridi,SPD Smith,Misbah-ul-Haq,1,0,1,72,119,1,1,4,-,4.0,0,,,8,bat,Australia,2,"Beausejour Stadium, Gros Islet",2010,05,Australia_Pakistan_2010-05-02,Australia,Pakistan,Australia,False,157
59,Misbah-ul-Haq,SPD Smith,Shahid Afridi,0,0,0,72,119,18,14,4,-,5.0,0,,,8,bat,Australia,2,"Beausejour Stadium, Gros Islet",2010,05,Australia_Pakistan_2010-05-02,Australia,Pakistan,Australia,False,157
60,Misbah-ul-Haq,SPD Smith,Shahid Afridi,2,0,2,74,117,20,15,4,-,6.0,0,,,8,bat,Australia,2,"Beausejour Stadium, Gros Islet",2010,05,Australia_Pakistan_2010-05-02,Australia,Pakistan,Australia,False,157
61,Shahid Afridi,MG Johnson,Misbah-ul-Haq,0,0,0,74,117,1,2,4,-,1.0,0,,,9,bat,Australia,2,"Beausejour Stadium, Gros Islet",2010,05,Australia_Pakistan_2010-05-02,Australia,Pakistan,Australia,False,157
62,Shahid Afridi,MG Johnson,Misbah-ul-Haq,1,0,1,75,116,2,3,4,-,2.0,0,,,9,bat,Australia,2,"Beausejour Stadium, Gros Islet",2010,05,Australia_Pakistan_2010-05-02,Australia,Pakistan,Australia,False,157
63,Misbah-ul-Haq,MG Johnson,Shahid Afridi,1,0,1,76,115,21,16,4,-,3.0,0,,,9,bat,Australia,2,"Beausejour Stadium, Gros Islet",2010,05,Australia_Pakistan_2010-05-02,Australia,Pakistan,Australia,False,157
64,Shahid Afridi,MG Johnson,Misbah-ul-Haq,0,1,1,77,114,2,4,4,noballs,3.0,0,,,9,bat,Australia,2,"Beausejour Stadium, Gros Islet",2010,05,Australia_Pakistan_2010-05-02,Australia,Pakistan,Australia,False,157
65,Shahid Afridi,MG Johnson,Misbah-ul-Haq,2,0,2,79,112,4,5,4,-,4.0,0,,,9,bat,Australia,2,"Beausejour Stadium, Gros Islet",2010,05,Australia_Pakistan_2010-05-02,Australia,Pakistan,Australia,False,157
66,Shahid Afridi,MG Johnson,Misbah-ul-Haq,0,0,0,79,112,4,6,4,-,5.0,0,,,9,bat,Australia,2,"Beausejour Stadium, Gros Islet",2010,05,Australia_Pakistan_2010-05-02,Australia,Pakistan,Australia,False,157
67,Shahid Afridi,MG Johnson,Misbah-ul-Haq,1,0,1,80,111,5,7,4,-,6.0,0,,,9,bat,Australia,2,"Beausejour Stadium, Gros Islet",2010,05,Australia_Pakistan_2010-05-02,Australia,Pakistan,Australia,False,157
68,Shahid Afridi,SPD Smith,Misbah-ul-Haq,4,0,4,84,107,9,8,4,-,1.0,0,,,10,bat,Australia,2,"Beausejour Stadium, Gros Islet",2010,05,Australia_Pakistan_2010-05-02,Australia,Pakistan,Australia,False,157
69,Shahid Afridi,SPD Smith,Misbah-ul-Haq,4,0,4,88,103,13,9,4,-,2.0,0,,,10,bat,Australia,2,"Beausejour Stadium, Gros Islet",2010,05,Australia_Pakistan_2010-05-02,Australia,Pakistan,Australia,False,157
70,Shahid Afridi,SPD Smith,Misbah-ul-Haq,6,0,6,94,97,19,10,4,-,3.0,0,,,10,bat,Australia,2,"Beausejour Stadium, Gros Islet",2010,05,Australia_Pakistan_2010-05-02,Australia,Pakistan,Australia,False,157
71,Shahid Afridi,SPD Smith,Misbah-ul-Haq,1,0,1,95,96,20,11,4,-,4.0,0,,,10,bat,Australia,2,"Beausejour Stadium, Gros Islet",2010,05,Australia_Pakistan_2010-05-02,Australia,Pakistan,Australia,False,157
72,Misbah-ul-Haq,SPD Smith,Shahid Afridi,1,0,1,96,95,22,17,4,-,5.0,0,,,10,bat,Australia,2,"Beausejour Stadium, Gros Islet",2010,05,Australia_Pakistan_2010-05-02,Australia,Pakistan,Australia,False,157
73,Shahid Afridi,SPD Smith,Misbah-ul-Haq,1,0,1,97,94,21,12,4,-,6.0,0,,,10,bat,Australia,2,"Beausejour Stadium, Gros Islet",2010,05,Australia_Pakistan_2010-05-02,Australia,Pakistan,Australia,False,157
74,Shahid Afridi,SR Watson,Misbah-ul-Haq,1,0,1,98,93,22,13,4,-,1.0,0,,,11,bat,Australia,2,"Beausejour Stadium, Gros Islet",2010,05,Australia_Pakistan_2010-05-02,Australia,Pakistan,Australia,False,157
75,Misbah-ul-Haq,SR Watson,Shahid Afridi,1,0,1,99,92,23,18,4,-,2.0,0,,,11,bat,Australia,2,"Beausejour Stadium, Gros Islet",2010,05,Australia_Pakistan_2010-05-02,Australia,Pakistan,Australia,False,157
76,Shahid Afridi,SR Watson,Misbah-ul-Haq,4,0,4,103,88,26,14,4,-,3.0,0,,,11,bat,Australia,2,"Beausejour Stadium, Gros Islet",2010,05,Australia_Pakistan_2010-05-02,Australia,Pakistan,Australia,False,157
77,Shahid Afridi,SR Watson,Misbah-ul-Haq,1,0,1,104,87,27,15,4,-,4.0,0,,,11,bat,Australia,2,"Beausejour Stadium, Gros Islet",2010,05,Australia_Pakistan_2010-05-02,Australia,Pakistan,Australia,False,157
78,Misbah-ul-Haq,SR Watson,Shahid Afridi,1,0,1,105,86,24,19,4,-,5.0,0,,,11,bat,Australia,2,"Beausejour Stadium, Gros Islet",2010,05,Australia_Pakistan_2010-05-02,Australia,Pakistan,Australia,False,157
79,Shahid Afridi,SR Watson,Misbah-ul-Haq,0,1,1,106,85,27,16,4,legbyes,6.0,0,,,11,bat,Australia,2,"Beausejour Stadium, Gros Islet",2010,05,Australia_Pakistan_2010-05-02,Australia,Pakistan,Australia,False,157
80,Shahid Afridi,MG Johnson,Misbah-ul-Haq,0,0,0,106,85,27,17,4,-,1.0,0,,,12,bat,Australia,2,"Beausejour Stadium, Gros Islet",2010,05,Australia_Pakistan_2010-05-02,Australia,Pakistan,Australia,False,157
81,Shahid Afridi,MG Johnson,Misbah-ul-Haq,1,0,1,107,84,28,18,4,-,2.0,0,,,12,bat,Australia,2,"Beausejour Stadium, Gros Islet",2010,05,Australia_Pakistan_2010-05-02,Australia,Pakistan,Australia,False,157
82,Misbah-ul-Haq,MG Johnson,Shahid Afridi,2,0,2,109,82,26,20,4,-,3.0,0,,,12,bat,Australia,2,"Beausejour Stadium, Gros Islet",2010,05,Australia_Pakistan_2010-05-02,Australia,Pakistan,Australia,False,157
83,Misbah-ul-Haq,MG Johnson,Shahid Afridi,1,0,1,110,81,27,21,4,-,4.0,0,,,12,bat,Australia,2,"Beausejour Stadium, Gros Islet",2010,05,Australia_Pakistan_2010-05-02,Australia,Pakistan,Australia,False,157
84,Shahid Afridi,MG Johnson,Misbah-ul-Haq,0,0,0,110,81,28,19,4,-,5.0,0,,,12,bat,Australia,2,"Beausejour Stadium, Gros Islet",2010,05,Australia_Pakistan_2010-05-02,Australia,Pakistan,Australia,False,157
85,Shahid Afridi,MG Johnson,Misbah-ul-Haq,2,0,2,112,79,30,20,4,-,6.0,0,,,12,bat,Australia,2,"Beausejour Stadium, Gros Islet",2010,05,Australia_Pakistan_2010-05-02,Australia,Pakistan,Australia,False,157
86,Misbah-ul-Haq,SW Tait,Shahid Afridi,1,0,1,113,78,28,22,4,-,1.0,0,,,13,bat,Australia,2,"Beausejour Stadium, Gros Islet",2010,05,Australia_Pakistan_2010-05-02,Australia,Pakistan,Australia,False,157
87,Shahid Afridi,SW Tait,Misbah-ul-Haq,1,0,1,114,77,31,21,4,-,2.0,0,,,13,bat,Australia,2,"Beausejour Stadium, Gros Islet",2010,05,Australia_Pakistan_2010-05-02,Australia,Pakistan,Australia,False,157
88,Misbah-ul-Haq,SW Tait,Shahid Afridi,1,0,1,115,76,29,23,4,-,3.0,0,,,13,bat,Australia,2,"Beausejour Stadium, Gros Islet",2010,05,Australia_Pakistan_2010-05-02,Australia,Pakistan,Australia,False,157
89,Shahid Afridi,SW Tait,Misbah-ul-Haq,0,0,0,115,76,31,22,4,-,4.0,0,,,13,bat,Australia,2,"Beausejour Stadium, Gros Islet",2010,05,Australia_Pakistan_2010-05-02,Australia,Pakistan,Australia,False,157
90,Shahid Afridi,SW Tait,Misbah-ul-Haq,2,0,2,117,74,33,23,4,-,5.0,0,,,13,bat,Australia,2,"Beausejour Stadium, Gros Islet",2010,05,Australia_Pakistan_2010-05-02,Australia,Pakistan,Australia,False,157
91,Shahid Afridi,SW Tait,Misbah-ul-Haq,0,0,0,117,74,33,24,5,-,6.0,bowled,Shahid Afridi,,13,bat,Australia,2,"Beausejour Stadium, Gros Islet",2010,05,Australia_Pakistan_2010-05-02,Australia,Pakistan,Australia,False,157
92,Misbah-ul-Haq,DP Nannes,Abdul Razzaq,0,0,0,117,74,29,24,5,-,1.0,0,,,14,bat,Australia,2,"Beausejour Stadium, Gros Islet",2010,05,Australia_Pakistan_2010-05-02,Australia,Pakistan,Australia,False,157
93,Misbah-ul-Haq,DP Nannes,Abdul Razzaq,1,0,1,118,73,30,25,5,-,2.0,0,,,14,bat,Australia,2,"Beausejour Stadium, Gros Islet",2010,05,Australia_Pakistan_2010-05-02,Australia,Pakistan,Australia,False,157
94,Abdul Razzaq,DP Nannes,Misbah-ul-Haq,1,0,1,119,72,1,1,5,-,3.0,0,,,14,bat,Australia,2,"Beausejour Stadium, Gros Islet",2010,05,Australia_Pakistan_2010-05-02,Australia,Pakistan,Australia,False,157
95,Misbah-ul-Haq,DP Nannes,Abdul Razzaq,1,0,1,120,71,31,26,5,-,4.0,0,,,14,bat,Australia,2,"Beausejour Stadium, Gros Islet",2010,05,Australia_Pakistan_2010-05-02,Australia,Pakistan,Australia,False,157
96,Abdul Razzaq,DP Nannes,Misbah-ul-Haq,0,0,0,120,71,1,2,6,-,5.0,caught,Abdul Razzaq,DA Warner,14,bat,Australia,2,"Beausejour Stadium, Gros Islet",2010,05,Australia_Pakistan_2010-05-02,Australia,Pakistan,Australia,False,157
97,Misbah-ul-Haq,DP Nannes,Fawad Alam,1,0,1,121,70,32,27,6,-,6.0,0,,,14,bat,Australia,2,"Beausejour Stadium, Gros Islet",2010,05,Australia_Pakistan_2010-05-02,Australia,Pakistan,Australia,False,157
98,Misbah-ul-Haq,SR Watson,Fawad Alam,1,0,1,122,69,33,28,6,-,1.0,0,,,15,bat,Australia,2,"Beausejour Stadium, Gros Islet",2010,05,Australia_Pakistan_2010-05-02,Australia,Pakistan,Australia,False,157
99,Fawad Alam,SR Watson,Misbah-ul-Haq,1,0,1,123,68,1,1,6,-,2.0,0,,,15,bat,Australia,2,"Beausejour Stadium, Gros Islet",2010,05,Australia_Pakistan_2010-05-02,Australia,Pakistan,Australia,False,157
100,Misbah-ul-Haq,SR Watson,Fawad Alam,1,0,1,124,67,34,29,6,-,3.0,0,,,15,bat,Australia,2,"Beausejour Stadium, Gros Islet",2010,05,Australia_Pakistan_2010-05-02,Australia,Pakistan,Australia,False,157
101,Fawad Alam,SR Watson,Misbah-ul-Haq,0,0,0,124,67,1,2,6,-,4.0,0,,,15,bat,Australia,2,"Beausejour Stadium, Gros Islet",2010,05,Australia_Pakistan_2010-05-02,Australia,Pakistan,Australia,False,157
102,Fawad Alam,SR Watson,Misbah-ul-Haq,1,0,1,125,66,2,3,6,-,5.0,0,,,15,bat,Australia,2,"Beausejour Stadium, Gros Islet",2010,05,Australia_Pakistan_2010-05-02,Australia,Pakistan,Australia,False,157
103,Misbah-ul-Haq,SR Watson,Fawad Alam,1,0,1,126,65,35,30,6,-,6.0,0,,,15,bat,Australia,2,"Beausejour Stadium, Gros Islet",2010,05,Australia_Pakistan_2010-05-02,Australia,Pakistan,Australia,False,157
104,Misbah-ul-Haq,DP Nannes,Fawad Alam,6,0,6,132,59,41,31,6,-,1.0,0,,,16,bat,Australia,2,"Beausejour Stadium, Gros Islet",2010,05,Australia_Pakistan_2010-05-02,Australia,Pakistan,Australia,False,157
105,Misbah-ul-Haq,DP Nannes,Fawad Alam,0,0,0,132,59,41,32,7,-,2.0,caught,Misbah-ul-Haq,MJ Clarke,16,bat,Australia,2,"Beausejour Stadium, Gros Islet",2010,05,Australia_Pakistan_2010-05-02,Australia,Pakistan,Australia,False,157
106,Fawad Alam,DP Nannes,Mohammad Amir,1,0,1,133,58,3,4,7,-,3.0,0,,,16,bat,Australia,2,"Beausejour Stadium, Gros Islet",2010,05,Australia_Pakistan_2010-05-02,Australia,Pakistan,Australia,False,157
107,Mohammad Amir,DP Nannes,Fawad Alam,1,0,1,134,57,1,1,7,-,4.0,0,,,16,bat,Australia,2,"Beausejour Stadium, Gros Islet",2010,05,Australia_Pakistan_2010-05-02,Australia,Pakistan,Australia,False,157
108,Fawad Alam,DP Nannes,Mohammad Amir,6,0,6,140,51,9,5,7,-,5.0,0,,,16,bat,Australia,2,"Beausejour Stadium, Gros Islet",2010,05,Australia_Pakistan_2010-05-02,Australia,Pakistan,Australia,False,157
109,Fawad Alam,DP Nannes,Mohammad Amir,0,0,0,140,51,9,6,7,-,6.0,0,,,16,bat,Australia,2,"Beausejour Stadium, Gros Islet",2010,05,Australia_Pakistan_2010-05-02,Australia,Pakistan,Australia,False,157
110,Mohammad Amir,DJ Hussey,Fawad Alam,1,0,1,141,50,2,2,7,-,1.0,0,,,17,bat,Australia,2,"Beausejour Stadium, Gros Islet",2010,05,Australia_Pakistan_2010-05-02,Australia,Pakistan,Australia,False,157
111,Fawad Alam,DJ Hussey,Mohammad Amir,4,0,4,145,46,13,7,7,-,2.0,0,,,17,bat,Australia,2,"Beausejour Stadium, Gros Islet",2010,05,Australia_Pakistan_2010-05-02,Australia,Pakistan,Australia,False,157
112,Fawad Alam,DJ Hussey,Mohammad Amir,1,0,1,146,45,14,8,7,-,3.0,0,,,17,bat,Australia,2,"Beausejour Stadium, Gros Islet",2010,05,Australia_Pakistan_2010-05-02,Australia,Pakistan,Australia,False,157
113,Mohammad Amir,DJ Hussey,Fawad Alam,0,0,0,146,45,2,3,8,-,4.0,caught,Mohammad Amir,SPD Smith,17,bat,Australia,2,"Beausejour Stadium, Gros Islet",2010,05,Australia_Pakistan_2010-05-02,Australia,Pakistan,Australia,False,157
114,Fawad Alam,DJ Hussey,Mohammad Sami,1,0,1,147,44,15,9,8,-,5.0,0,,,17,bat,Australia,2,"Beausejour Stadium, Gros Islet",2010,05,Australia_Pakistan_2010-05-02,Australia,Pakistan,Australia,False,157
115,Mohammad Sami,DJ Hussey,Fawad Alam,1,0,1,148,43,1,1,8,-,6.0,0,,,17,bat,Australia,2,"Beausejour Stadium, Gros Islet",2010,05,Australia_Pakistan_2010-05-02,Australia,Pakistan,Australia,False,157
116,Mohammad Sami,MG Johnson,Fawad Alam,1,0,1,149,42,2,2,8,-,1.0,0,,,18,bat,Australia,2,"Beausejour Stadium, Gros Islet",2010,05,Australia_Pakistan_2010-05-02,Australia,Pakistan,Australia,False,157
117,Fawad Alam,MG Johnson,Mohammad Sami,1,0,1,150,41,16,10,8,-,2.0,0,,,18,bat,Australia,2,"Beausejour Stadium, Gros Islet",2010,05,Australia_Pakistan_2010-05-02,Australia,Pakistan,Australia,False,157
118,Mohammad Sami,MG Johnson,Fawad Alam,1,0,1,151,40,3,3,8,-,3.0,0,,,18,bat,Australia,2,"Beausejour Stadium, Gros Islet",2010,05,Australia_Pakistan_2010-05-02,Australia,Pakistan,Australia,False,157
119,Fawad Alam,MG Johnson,Mohammad Sami,0,0,0,151,40,16,11,9,-,4.0,caught,Fawad Alam,MJ Clarke,18,bat,Australia,2,"Beausejour Stadium, Gros Islet",2010,05,Australia_Pakistan_2010-05-02,Australia,Pakistan,Australia,False,157
120,Mohammad Sami,MG Johnson,Saeed Ajmal,1,0,1,152,39,4,4,9,-,5.0,0,,,18,bat,Australia,2,"Beausejour Stadium, Gros Islet",2010,05,Australia_Pakistan_2010-05-02,Australia,Pakistan,Australia,False,157
121,Saeed Ajmal,MG Johnson,Mohammad Sami,0,0,0,152,39,0,1,9,-,6.0,0,,,18,bat,Australia,2,"Beausejour Stadium, Gros Islet",2010,05,Australia_Pakistan_2010-05-02,Australia,Pakistan,Australia,False,157
122,Mohammad Sami,SW Tait,Saeed Ajmal,1,0,1,153,38,5,5,9,-,1.0,0,,,19,bat,Australia,2,"Beausejour Stadium, Gros Islet",2010,05,Australia_Pakistan_2010-05-02,Australia,Pakistan,Australia,False,157
123,Saeed Ajmal,SW Tait,Mohammad Sami,0,0,0,153,38,0,2,9,-,2.0,0,,,19,bat,Australia,2,"Beausejour Stadium, Gros Islet",2010,05,Australia_Pakistan_2010-05-02,Australia,Pakistan,Australia,False,157
124,Saeed Ajmal,SW Tait,Mohammad Sami,0,0,0,153,38,0,3,9,-,3.0,0,,,19,bat,Australia,2,"Beausejour Stadium, Gros Islet",2010,05,Australia_Pakistan_2010-05-02,Australia,Pakistan,Australia,False,157
125,Saeed Ajmal,SW Tait,Mohammad Sami,2,0,2,155,36,2,4,9,-,4.0,0,,,19,bat,Australia,2,"Beausejour Stadium, Gros Islet",2010,05,Australia_Pakistan_2010-05-02,Australia,Pakistan,Australia,False,157
126,Saeed Ajmal,SW Tait,Mohammad Sami,2,0,2,157,34,4,5,9,-,5.0,0,,,19,bat,Australia,2,"Beausejour Stadium, Gros Islet",2010,05,Australia_Pakistan_2010-05-02,Australia,Pakistan,Australia,False,157
127,Saeed Ajmal,SW Tait,Mohammad Sami,0,0,0,157,34,4,6,10,-,6.0,bowled,Saeed Ajmal,,19,bat,Australia,2,"Beausejour Stadium, Gros Islet",2010,05,Australia_Pakistan_2010-05-02,Australia,Pakistan,Australia,False,157
