,batter,bowler,non_striker,runs_by_bat,extra_runs,total_runs_delivery,current_team_total,runs_remain,batter_runs,balls_faced,wickets_fallen,extra_type,delivery,over,wicket_type,player_out,fielder,toss_decision,toss_winner,innings,venue,year,month,match_id,winning_team,batting_team,bowling_team,won,final_team_total,batter_type,non_striker_type,bowler_type
0,G Gambhir,Mohammad Irfan,AM Rahane,0,0,0,0,,0,1,0,-,1.0,0,0,,,field,Pakistan,1,M Chinnaswamy Stadium,2012,12,India_Pakistan_2012-12-25,Pakistan,India,Pakistan,False,133,Left hand Bat,Right hand Bat,Left arm Fast
1,G Gambhir,Mohammad Irfan,AM Rahane,1,0,1,1,,1,2,0,-,2.0,0,0,,,field,Pakistan,1,M Chinnaswamy Stadium,2012,12,India_Pakistan_2012-12-25,Pakistan,India,Pakistan,False,133,Left hand Bat,Right hand Bat,Left arm Fast
2,AM Rahane,Mohammad Irfan,G Gambhir,1,0,1,2,,1,1,0,-,3.0,0,0,,,field,Pakistan,1,M Chinnaswamy Stadium,2012,12,India_Pakistan_2012-12-25,Pakistan,India,Pakistan,False,133,Right hand Bat,Left hand Bat,Left arm Fast
3,G Gambhir,Mohammad Irfan,AM Rahane,0,0,0,2,,1,3,0,-,4.0,0,0,,,field,Pakistan,1,M Chinnaswamy Stadium,2012,12,India_Pakistan_2012-12-25,Pakistan,India,Pakistan,False,133,Left hand Bat,Right hand Bat,Left arm Fast
4,G Gambhir,Mohammad Irfan,AM Rahane,3,0,3,5,,4,4,0,-,5.0,0,0,,,field,Pakistan,1,M Chinnaswamy Stadium,2012,12,India_Pakistan_2012-12-25,Pakistan,India,Pakistan,False,133,Left hand Bat,Right hand Bat,Left arm Fast
5,AM Rahane,Mohammad Irfan,G Gambhir,0,1,1,6,,1,2,0,legbyes,6.0,0,0,,,field,Pakistan,1,M Chinnaswamy Stadium,2012,12,India_Pakistan_2012-12-25,Pakistan,India,Pakistan,False,133,Right hand Bat,Left hand Bat,Left arm Fast
6,AM Rahane,Sohail Tanvir,G Gambhir,0,0,0,6,,1,3,0,-,1.0,1,0,,,field,Pakistan,1,M Chinnaswamy Stadium,2012,12,India_Pakistan_2012-12-25,Pakistan,India,Pakistan,False,133,Right hand Bat,Left hand Bat,Left arm Medium
7,AM Rahane,Sohail Tanvir,G Gambhir,2,0,2,8,,3,4,0,-,2.0,1,0,,,field,Pakistan,1,M Chinnaswamy Stadium,2012,12,India_Pakistan_2012-12-25,Pakistan,India,Pakistan,False,133,Right hand Bat,Left hand Bat,Left arm Medium
8,AM Rahane,Sohail Tanvir,G Gambhir,1,0,1,9,,4,5,0,-,3.0,1,0,,,field,Pakistan,1,M Chinnaswamy Stadium,2012,12,India_Pakistan_2012-12-25,Pakistan,India,Pakistan,False,133,Right hand Bat,Left hand Bat,Left arm Medium
9,G Gambhir,Sohail Tanvir,AM Rahane,0,0,0,9,,4,5,0,-,4.0,1,0,,,field,Pakistan,1,M Chinnaswamy Stadium,2012,12,India_Pakistan_2012-12-25,Pakistan,India,Pakistan,False,133,Left hand Bat,Right hand Bat,Left arm Medium
10,G Gambhir,Sohail Tanvir,AM Rahane,0,0,0,9,,4,6,0,-,5.0,1,0,,,field,Pakistan,1,M Chinnaswamy Stadium,2012,12,India_Pakistan_2012-12-25,Pakistan,India,Pakistan,False,133,Left hand Bat,Right hand Bat,Left arm Medium
11,G Gambhir,Sohail Tanvir,AM Rahane,1,0,1,10,,5,7,0,-,6.0,1,0,,,field,Pakistan,1,M Chinnaswamy Stadium,2012,12,India_Pakistan_2012-12-25,Pakistan,India,Pakistan,False,133,Left hand Bat,Right hand Bat,Left arm Medium
12,G Gambhir,Mohammad Irfan,AM Rahane,0,0,0,10,,5,8,0,-,1.0,2,0,,,field,Pakistan,1,M Chinnaswamy Stadium,2012,12,India_Pakistan_2012-12-25,Pakistan,India,Pakistan,False,133,Left hand Bat,Right hand Bat,Left arm Fast
13,G Gambhir,Mohammad Irfan,AM Rahane,1,0,1,11,,6,9,0,-,2.0,2,0,,,field,Pakistan,1,M Chinnaswamy Stadium,2012,12,India_Pakistan_2012-12-25,Pakistan,India,Pakistan,False,133,Left hand Bat,Right hand Bat,Left arm Fast
14,AM Rahane,Mohammad Irfan,G Gambhir,0,0,0,11,,4,6,0,-,3.0,2,0,,,field,Pakistan,1,M Chinnaswamy Stadium,2012,12,India_Pakistan_2012-12-25,Pakistan,India,Pakistan,False,133,Right hand Bat,Left hand Bat,Left arm Fast
15,AM Rahane,Mohammad Irfan,G Gambhir,1,0,1,12,,5,7,0,-,4.0,2,0,,,field,Pakistan,1,M Chinnaswamy Stadium,2012,12,India_Pakistan_2012-12-25,Pakistan,India,Pakistan,False,133,Right hand Bat,Left hand Bat,Left arm Fast
16,G Gambhir,Mohammad Irfan,AM Rahane,1,0,1,13,,7,10,0,-,5.0,2,0,,,field,Pakistan,1,M Chinnaswamy Stadium,2012,12,India_Pakistan_2012-12-25,Pakistan,India,Pakistan,False,133,Left hand Bat,Right hand Bat,Left arm Fast
17,AM Rahane,Mohammad Irfan,G Gambhir,4,0,4,17,,9,8,0,-,6.0,2,0,,,field,Pakistan,1,M Chinnaswamy Stadium,2012,12,India_Pakistan_2012-12-25,Pakistan,India,Pakistan,False,133,Right hand Bat,Left hand Bat,Left arm Fast
18,G Gambhir,Sohail Tanvir,AM Rahane,0,1,1,18,,7,11,0,legbyes,1.0,3,0,,,field,Pakistan,1,M Chinnaswamy Stadium,2012,12,India_Pakistan_2012-12-25,Pakistan,India,Pakistan,False,133,Left hand Bat,Right hand Bat,Left arm Medium
19,AM Rahane,Sohail Tanvir,G Gambhir,4,0,4,22,,13,9,0,-,2.0,3,0,,,field,Pakistan,1,M Chinnaswamy Stadium,2012,12,India_Pakistan_2012-12-25,Pakistan,India,Pakistan,False,133,Right hand Bat,Left hand Bat,Left arm Medium
20,AM Rahane,Sohail Tanvir,G Gambhir,1,0,1,23,,14,10,0,-,3.0,3,0,,,field,Pakistan,1,M Chinnaswamy Stadium,2012,12,India_Pakistan_2012-12-25,Pakistan,India,Pakistan,False,133,Right hand Bat,Left hand Bat,Left arm Medium
21,G Gambhir,Sohail Tanvir,AM Rahane,0,0,0,23,,7,12,0,-,4.0,3,0,,,field,Pakistan,1,M Chinnaswamy Stadium,2012,12,India_Pakistan_2012-12-25,Pakistan,India,Pakistan,False,133,Left hand Bat,Right hand Bat,Left arm Medium
22,G Gambhir,Sohail Tanvir,AM Rahane,2,0,2,25,,9,13,0,-,5.0,3,0,,,field,Pakistan,1,M Chinnaswamy Stadium,2012,12,India_Pakistan_2012-12-25,Pakistan,India,Pakistan,False,133,Left hand Bat,Right hand Bat,Left arm Medium
23,G Gambhir,Sohail Tanvir,AM Rahane,1,0,1,26,,10,14,0,-,6.0,3,0,,,field,Pakistan,1,M Chinnaswamy Stadium,2012,12,India_Pakistan_2012-12-25,Pakistan,India,Pakistan,False,133,Left hand Bat,Right hand Bat,Left arm Medium
24,G Gambhir,Mohammad Irfan,AM Rahane,0,0,0,26,,10,15,0,-,1.0,4,0,,,field,Pakistan,1,M Chinnaswamy Stadium,2012,12,India_Pakistan_2012-12-25,Pakistan,India,Pakistan,False,133,Left hand Bat,Right hand Bat,Left arm Fast
25,G Gambhir,Mohammad Irfan,AM Rahane,1,0,1,27,,11,16,0,-,2.0,4,0,,,field,Pakistan,1,M Chinnaswamy Stadium,2012,12,India_Pakistan_2012-12-25,Pakistan,India,Pakistan,False,133,Left hand Bat,Right hand Bat,Left arm Fast
26,AM Rahane,Mohammad Irfan,G Gambhir,4,0,4,31,,18,11,0,-,3.0,4,0,,,field,Pakistan,1,M Chinnaswamy Stadium,2012,12,India_Pakistan_2012-12-25,Pakistan,India,Pakistan,False,133,Right hand Bat,Left hand Bat,Left arm Fast
27,AM Rahane,Mohammad Irfan,G Gambhir,1,0,1,32,,19,12,0,-,4.0,4,0,,,field,Pakistan,1,M Chinnaswamy Stadium,2012,12,India_Pakistan_2012-12-25,Pakistan,India,Pakistan,False,133,Right hand Bat,Left hand Bat,Left arm Fast
28,G Gambhir,Mohammad Irfan,AM Rahane,2,0,2,34,,13,17,0,-,5.0,4,0,,,field,Pakistan,1,M Chinnaswamy Stadium,2012,12,India_Pakistan_2012-12-25,Pakistan,India,Pakistan,False,133,Left hand Bat,Right hand Bat,Left arm Fast
29,G Gambhir,Mohammad Irfan,AM Rahane,0,0,0,34,,13,18,0,-,6.0,4,0,,,field,Pakistan,1,M Chinnaswamy Stadium,2012,12,India_Pakistan_2012-12-25,Pakistan,India,Pakistan,False,133,Left hand Bat,Right hand Bat,Left arm Fast
30,AM Rahane,Sohail Tanvir,G Gambhir,1,0,1,35,,20,13,0,-,1.0,5,0,,,field,Pakistan,1,M Chinnaswamy Stadium,2012,12,India_Pakistan_2012-12-25,Pakistan,India,Pakistan,False,133,Right hand Bat,Left hand Bat,Left arm Medium
31,G Gambhir,Sohail Tanvir,AM Rahane,0,0,0,35,,13,19,0,-,2.0,5,0,,,field,Pakistan,1,M Chinnaswamy Stadium,2012,12,India_Pakistan_2012-12-25,Pakistan,India,Pakistan,False,133,Left hand Bat,Right hand Bat,Left arm Medium
32,G Gambhir,Sohail Tanvir,AM Rahane,1,0,1,36,,14,20,0,-,3.0,5,0,,,field,Pakistan,1,M Chinnaswamy Stadium,2012,12,India_Pakistan_2012-12-25,Pakistan,India,Pakistan,False,133,Left hand Bat,Right hand Bat,Left arm Medium
33,AM Rahane,Sohail Tanvir,G Gambhir,0,0,0,36,,20,14,0,-,4.0,5,0,,,field,Pakistan,1,M Chinnaswamy Stadium,2012,12,India_Pakistan_2012-12-25,Pakistan,India,Pakistan,False,133,Right hand Bat,Left hand Bat,Left arm Medium
34,AM Rahane,Sohail Tanvir,G Gambhir,1,0,1,37,,21,15,0,-,5.0,5,0,,,field,Pakistan,1,M Chinnaswamy Stadium,2012,12,India_Pakistan_2012-12-25,Pakistan,India,Pakistan,False,133,Right hand Bat,Left hand Bat,Left arm Medium
35,G Gambhir,Sohail Tanvir,AM Rahane,0,0,0,37,,14,21,0,-,6.0,5,0,,,field,Pakistan,1,M Chinnaswamy Stadium,2012,12,India_Pakistan_2012-12-25,Pakistan,India,Pakistan,False,133,Left hand Bat,Right hand Bat,Left arm Medium
36,AM Rahane,Umar Gul,G Gambhir,4,0,4,41,,25,16,0,-,1.0,6,0,,,field,Pakistan,1,M Chinnaswamy Stadium,2012,12,India_Pakistan_2012-12-25,Pakistan,India,Pakistan,False,133,Right hand Bat,Left hand Bat,Right arm Fast
37,AM Rahane,Umar Gul,G Gambhir,1,0,1,42,,26,17,0,-,2.0,6,0,,,field,Pakistan,1,M Chinnaswamy Stadium,2012,12,India_Pakistan_2012-12-25,Pakistan,India,Pakistan,False,133,Right hand Bat,Left hand Bat,Right arm Fast
38,G Gambhir,Umar Gul,AM Rahane,1,0,1,43,,15,22,0,-,3.0,6,0,,,field,Pakistan,1,M Chinnaswamy Stadium,2012,12,India_Pakistan_2012-12-25,Pakistan,India,Pakistan,False,133,Left hand Bat,Right hand Bat,Right arm Fast
39,AM Rahane,Umar Gul,G Gambhir,1,0,1,44,,27,18,0,-,4.0,6,0,,,field,Pakistan,1,M Chinnaswamy Stadium,2012,12,India_Pakistan_2012-12-25,Pakistan,India,Pakistan,False,133,Right hand Bat,Left hand Bat,Right arm Fast
40,G Gambhir,Umar Gul,AM Rahane,6,0,6,50,,21,23,0,-,5.0,6,0,,,field,Pakistan,1,M Chinnaswamy Stadium,2012,12,India_Pakistan_2012-12-25,Pakistan,India,Pakistan,False,133,Left hand Bat,Right hand Bat,Right arm Fast
41,G Gambhir,Umar Gul,AM Rahane,0,0,0,50,,21,24,0,-,6.0,6,0,,,field,Pakistan,1,M Chinnaswamy Stadium,2012,12,India_Pakistan_2012-12-25,Pakistan,India,Pakistan,False,133,Left hand Bat,Right hand Bat,Right arm Fast
42,AM Rahane,Saeed Ajmal,G Gambhir,0,0,0,50,,27,19,0,-,1.0,7,0,,,field,Pakistan,1,M Chinnaswamy Stadium,2012,12,India_Pakistan_2012-12-25,Pakistan,India,Pakistan,False,133,Right hand Bat,Left hand Bat,Right arm Offbreak
43,AM Rahane,Saeed Ajmal,G Gambhir,1,0,1,51,,28,20,0,-,2.0,7,0,,,field,Pakistan,1,M Chinnaswamy Stadium,2012,12,India_Pakistan_2012-12-25,Pakistan,India,Pakistan,False,133,Right hand Bat,Left hand Bat,Right arm Offbreak
44,G Gambhir,Saeed Ajmal,AM Rahane,0,0,0,51,,21,25,0,-,3.0,7,0,,,field,Pakistan,1,M Chinnaswamy Stadium,2012,12,India_Pakistan_2012-12-25,Pakistan,India,Pakistan,False,133,Left hand Bat,Right hand Bat,Right arm Offbreak
45,G Gambhir,Saeed Ajmal,AM Rahane,1,0,1,52,,22,26,0,-,4.0,7,0,,,field,Pakistan,1,M Chinnaswamy Stadium,2012,12,India_Pakistan_2012-12-25,Pakistan,India,Pakistan,False,133,Left hand Bat,Right hand Bat,Right arm Offbreak
46,AM Rahane,Saeed Ajmal,G Gambhir,6,0,6,58,,34,21,0,-,5.0,7,0,,,field,Pakistan,1,M Chinnaswamy Stadium,2012,12,India_Pakistan_2012-12-25,Pakistan,India,Pakistan,False,133,Right hand Bat,Left hand Bat,Right arm Offbreak
47,AM Rahane,Saeed Ajmal,G Gambhir,0,0,0,58,,34,22,0,-,6.0,7,0,,,field,Pakistan,1,M Chinnaswamy Stadium,2012,12,India_Pakistan_2012-12-25,Pakistan,India,Pakistan,False,133,Right hand Bat,Left hand Bat,Right arm Offbreak
48,G Gambhir,Shahid Afridi,AM Rahane,0,0,0,58,,22,27,0,-,1.0,8,0,,,field,Pakistan,1,M Chinnaswamy Stadium,2012,12,India_Pakistan_2012-12-25,Pakistan,India,Pakistan,False,133,Left hand Bat,Right hand Bat,Right arm Legbreak
49,G Gambhir,Shahid Afridi,AM Rahane,1,0,1,59,,23,28,0,-,2.0,8,0,,,field,Pakistan,1,M Chinnaswamy Stadium,2012,12,India_Pakistan_2012-12-25,Pakistan,India,Pakistan,False,133,Left hand Bat,Right hand Bat,Right arm Legbreak
50,AM Rahane,Shahid Afridi,G Gambhir,1,0,1,60,,35,23,0,-,3.0,8,0,,,field,Pakistan,1,M Chinnaswamy Stadium,2012,12,India_Pakistan_2012-12-25,Pakistan,India,Pakistan,False,133,Right hand Bat,Left hand Bat,Right arm Legbreak
51,G Gambhir,Shahid Afridi,AM Rahane,4,0,4,64,,27,29,0,-,4.0,8,0,,,field,Pakistan,1,M Chinnaswamy Stadium,2012,12,India_Pakistan_2012-12-25,Pakistan,India,Pakistan,False,133,Left hand Bat,Right hand Bat,Right arm Legbreak
52,G Gambhir,Shahid Afridi,AM Rahane,2,0,2,66,,29,30,0,-,5.0,8,0,,,field,Pakistan,1,M Chinnaswamy Stadium,2012,12,India_Pakistan_2012-12-25,Pakistan,India,Pakistan,False,133,Left hand Bat,Right hand Bat,Right arm Legbreak
53,G Gambhir,Shahid Afridi,AM Rahane,2,0,2,68,,31,31,0,-,6.0,8,0,,,field,Pakistan,1,M Chinnaswamy Stadium,2012,12,India_Pakistan_2012-12-25,Pakistan,India,Pakistan,False,133,Left hand Bat,Right hand Bat,Right arm Legbreak
54,AM Rahane,Saeed Ajmal,G Gambhir,4,0,4,72,,39,24,0,-,1.0,9,0,,,field,Pakistan,1,M Chinnaswamy Stadium,2012,12,India_Pakistan_2012-12-25,Pakistan,India,Pakistan,False,133,Right hand Bat,Left hand Bat,Right arm Offbreak
55,AM Rahane,Saeed Ajmal,G Gambhir,1,0,1,73,,40,25,0,-,2.0,9,0,,,field,Pakistan,1,M Chinnaswamy Stadium,2012,12,India_Pakistan_2012-12-25,Pakistan,India,Pakistan,False,133,Right hand Bat,Left hand Bat,Right arm Offbreak
56,G Gambhir,Saeed Ajmal,AM Rahane,0,0,0,73,,31,32,0,-,3.0,9,0,,,field,Pakistan,1,M Chinnaswamy Stadium,2012,12,India_Pakistan_2012-12-25,Pakistan,India,Pakistan,False,133,Left hand Bat,Right hand Bat,Right arm Offbreak
57,G Gambhir,Saeed Ajmal,AM Rahane,1,0,1,74,,32,33,0,-,4.0,9,0,,,field,Pakistan,1,M Chinnaswamy Stadium,2012,12,India_Pakistan_2012-12-25,Pakistan,India,Pakistan,False,133,Left hand Bat,Right hand Bat,Right arm Offbreak
58,AM Rahane,Saeed Ajmal,G Gambhir,0,0,0,74,,40,26,0,-,5.0,9,0,,,field,Pakistan,1,M Chinnaswamy Stadium,2012,12,India_Pakistan_2012-12-25,Pakistan,India,Pakistan,False,133,Right hand Bat,Left hand Bat,Right arm Offbreak
59,AM Rahane,Saeed Ajmal,G Gambhir,1,0,1,75,,41,27,0,-,6.0,9,0,,,field,Pakistan,1,M Chinnaswamy Stadium,2012,12,India_Pakistan_2012-12-25,Pakistan,India,Pakistan,False,133,Right hand Bat,Left hand Bat,Right arm Offbreak
60,AM Rahane,Shahid Afridi,G Gambhir,0,0,0,75,,41,28,0,-,1.0,10,0,,,field,Pakistan,1,M Chinnaswamy Stadium,2012,12,India_Pakistan_2012-12-25,Pakistan,India,Pakistan,False,133,Right hand Bat,Left hand Bat,Right arm Legbreak
61,AM Rahane,Shahid Afridi,G Gambhir,1,0,1,76,,42,29,0,-,2.0,10,0,,,field,Pakistan,1,M Chinnaswamy Stadium,2012,12,India_Pakistan_2012-12-25,Pakistan,India,Pakistan,False,133,Right hand Bat,Left hand Bat,Right arm Legbreak
62,G Gambhir,Shahid Afridi,AM Rahane,1,0,1,77,,33,34,0,-,3.0,10,0,,,field,Pakistan,1,M Chinnaswamy Stadium,2012,12,India_Pakistan_2012-12-25,Pakistan,India,Pakistan,False,133,Left hand Bat,Right hand Bat,Right arm Legbreak
63,AM Rahane,Shahid Afridi,G Gambhir,0,0,0,77,,42,30,0,-,4.0,10,0,,,field,Pakistan,1,M Chinnaswamy Stadium,2012,12,India_Pakistan_2012-12-25,Pakistan,India,Pakistan,False,133,Right hand Bat,Left hand Bat,Right arm Legbreak
64,AM Rahane,Shahid Afridi,G Gambhir,0,0,0,77,,42,31,1,-,5.0,10,caught,AM Rahane,Umar Akmal,field,Pakistan,1,M Chinnaswamy Stadium,2012,12,India_Pakistan_2012-12-25,Pakistan,India,Pakistan,False,133,Right hand Bat,Left hand Bat,Right arm Legbreak
65,G Gambhir,Shahid Afridi,V Kohli,1,0,1,78,,34,35,1,-,6.0,10,0,,,field,Pakistan,1,M Chinnaswamy Stadium,2012,12,India_Pakistan_2012-12-25,Pakistan,India,Pakistan,False,133,Left hand Bat,Right hand Bat,Right arm Legbreak
66,G Gambhir,Mohammad Hafeez,V Kohli,1,0,1,79,,35,36,1,-,1.0,11,0,,,field,Pakistan,1,M Chinnaswamy Stadium,2012,12,India_Pakistan_2012-12-25,Pakistan,India,Pakistan,False,133,Left hand Bat,Right hand Bat,Right arm Offbreak
67,V Kohli,Mohammad Hafeez,G Gambhir,1,0,1,80,,1,1,1,-,2.0,11,0,,,field,Pakistan,1,M Chinnaswamy Stadium,2012,12,India_Pakistan_2012-12-25,Pakistan,India,Pakistan,False,133,Right hand Bat,Left hand Bat,Right arm Offbreak
68,G Gambhir,Mohammad Hafeez,V Kohli,1,0,1,81,,36,37,1,-,3.0,11,0,,,field,Pakistan,1,M Chinnaswamy Stadium,2012,12,India_Pakistan_2012-12-25,Pakistan,India,Pakistan,False,133,Left hand Bat,Right hand Bat,Right arm Offbreak
69,V Kohli,Mohammad Hafeez,G Gambhir,1,0,1,82,,2,2,1,-,4.0,11,0,,,field,Pakistan,1,M Chinnaswamy Stadium,2012,12,India_Pakistan_2012-12-25,Pakistan,India,Pakistan,False,133,Right hand Bat,Left hand Bat,Right arm Offbreak
70,G Gambhir,Mohammad Hafeez,V Kohli,1,0,1,83,,37,38,1,-,5.0,11,0,,,field,Pakistan,1,M Chinnaswamy Stadium,2012,12,India_Pakistan_2012-12-25,Pakistan,India,Pakistan,False,133,Left hand Bat,Right hand Bat,Right arm Offbreak
71,V Kohli,Mohammad Hafeez,G Gambhir,0,0,0,83,,2,3,1,-,6.0,11,0,,,field,Pakistan,1,M Chinnaswamy Stadium,2012,12,India_Pakistan_2012-12-25,Pakistan,India,Pakistan,False,133,Right hand Bat,Left hand Bat,Right arm Offbreak
72,G Gambhir,Shahid Afridi,V Kohli,4,0,4,87,,41,39,1,-,1.0,12,0,,,field,Pakistan,1,M Chinnaswamy Stadium,2012,12,India_Pakistan_2012-12-25,Pakistan,India,Pakistan,False,133,Left hand Bat,Right hand Bat,Right arm Legbreak
73,G Gambhir,Shahid Afridi,V Kohli,1,0,1,88,,42,40,1,-,2.0,12,0,,,field,Pakistan,1,M Chinnaswamy Stadium,2012,12,India_Pakistan_2012-12-25,Pakistan,India,Pakistan,False,133,Left hand Bat,Right hand Bat,Right arm Legbreak
74,V Kohli,Shahid Afridi,G Gambhir,1,0,1,89,,3,4,1,-,3.0,12,0,,,field,Pakistan,1,M Chinnaswamy Stadium,2012,12,India_Pakistan_2012-12-25,Pakistan,India,Pakistan,False,133,Right hand Bat,Left hand Bat,Right arm Legbreak
75,G Gambhir,Shahid Afridi,V Kohli,1,0,1,90,,43,41,2,-,4.0,12,run out,G Gambhir,Sohail Tanvir;Kamran Akmal,field,Pakistan,1,M Chinnaswamy Stadium,2012,12,India_Pakistan_2012-12-25,Pakistan,India,Pakistan,False,133,Left hand Bat,Right hand Bat,Right arm Legbreak
76,Yuvraj Singh,Shahid Afridi,V Kohli,6,0,6,96,,6,1,2,-,5.0,12,0,,,field,Pakistan,1,M Chinnaswamy Stadium,2012,12,India_Pakistan_2012-12-25,Pakistan,India,Pakistan,False,133,Left hand Bat,Right hand Bat,Right arm Legbreak
77,Yuvraj Singh,Shahid Afridi,V Kohli,0,0,0,96,,6,2,2,-,6.0,12,0,,,field,Pakistan,1,M Chinnaswamy Stadium,2012,12,India_Pakistan_2012-12-25,Pakistan,India,Pakistan,False,133,Left hand Bat,Right hand Bat,Right arm Legbreak
78,V Kohli,Mohammad Hafeez,Yuvraj Singh,1,0,1,97,,4,5,2,-,1.0,13,0,,,field,Pakistan,1,M Chinnaswamy Stadium,2012,12,India_Pakistan_2012-12-25,Pakistan,India,Pakistan,False,133,Right hand Bat,Left hand Bat,Right arm Offbreak
79,Yuvraj Singh,Mohammad Hafeez,V Kohli,1,0,1,98,,7,3,2,-,2.0,13,0,,,field,Pakistan,1,M Chinnaswamy Stadium,2012,12,India_Pakistan_2012-12-25,Pakistan,India,Pakistan,False,133,Left hand Bat,Right hand Bat,Right arm Offbreak
80,V Kohli,Mohammad Hafeez,Yuvraj Singh,4,0,4,102,,8,6,2,-,3.0,13,0,,,field,Pakistan,1,M Chinnaswamy Stadium,2012,12,India_Pakistan_2012-12-25,Pakistan,India,Pakistan,False,133,Right hand Bat,Left hand Bat,Right arm Offbreak
81,V Kohli,Mohammad Hafeez,Yuvraj Singh,0,0,0,102,,8,7,2,-,4.0,13,0,,,field,Pakistan,1,M Chinnaswamy Stadium,2012,12,India_Pakistan_2012-12-25,Pakistan,India,Pakistan,False,133,Right hand Bat,Left hand Bat,Right arm Offbreak
82,V Kohli,Mohammad Hafeez,Yuvraj Singh,1,0,1,103,,9,8,2,-,5.0,13,0,,,field,Pakistan,1,M Chinnaswamy Stadium,2012,12,India_Pakistan_2012-12-25,Pakistan,India,Pakistan,False,133,Right hand Bat,Left hand Bat,Right arm Offbreak
83,Yuvraj Singh,Mohammad Hafeez,V Kohli,0,0,0,103,,7,4,2,-,6.0,13,0,,,field,Pakistan,1,M Chinnaswamy Stadium,2012,12,India_Pakistan_2012-12-25,Pakistan,India,Pakistan,False,133,Left hand Bat,Right hand Bat,Right arm Offbreak
84,V Kohli,Mohammad Irfan,Yuvraj Singh,0,0,0,103,,9,9,2,-,1.0,14,0,,,field,Pakistan,1,M Chinnaswamy Stadium,2012,12,India_Pakistan_2012-12-25,Pakistan,India,Pakistan,False,133,Right hand Bat,Left hand Bat,Left arm Fast
85,V Kohli,Mohammad Irfan,Yuvraj Singh,0,0,0,103,,9,10,2,-,2.0,14,0,,,field,Pakistan,1,M Chinnaswamy Stadium,2012,12,India_Pakistan_2012-12-25,Pakistan,India,Pakistan,False,133,Right hand Bat,Left hand Bat,Left arm Fast
86,V Kohli,Mohammad Irfan,Yuvraj Singh,0,0,0,103,,9,11,3,-,3.0,14,caught,V Kohli,Kamran Akmal,field,Pakistan,1,M Chinnaswamy Stadium,2012,12,India_Pakistan_2012-12-25,Pakistan,India,Pakistan,False,133,Right hand Bat,Left hand Bat,Left arm Fast
87,MS Dhoni,Mohammad Irfan,Yuvraj Singh,1,0,1,104,,1,1,3,-,4.0,14,0,,,field,Pakistan,1,M Chinnaswamy Stadium,2012,12,India_Pakistan_2012-12-25,Pakistan,India,Pakistan,False,133,Right hand Bat,Left hand Bat,Left arm Fast
88,Yuvraj Singh,Mohammad Irfan,MS Dhoni,0,1,1,105,,7,5,3,wides,4.0,14,0,,,field,Pakistan,1,M Chinnaswamy Stadium,2012,12,India_Pakistan_2012-12-25,Pakistan,India,Pakistan,False,133,Left hand Bat,Right hand Bat,Left arm Fast
89,Yuvraj Singh,Mohammad Irfan,MS Dhoni,0,1,1,106,,7,6,3,wides,4.0,14,0,,,field,Pakistan,1,M Chinnaswamy Stadium,2012,12,India_Pakistan_2012-12-25,Pakistan,India,Pakistan,False,133,Left hand Bat,Right hand Bat,Left arm Fast
90,Yuvraj Singh,Mohammad Irfan,MS Dhoni,0,0,0,106,,7,7,3,-,5.0,14,0,,,field,Pakistan,1,M Chinnaswamy Stadium,2012,12,India_Pakistan_2012-12-25,Pakistan,India,Pakistan,False,133,Left hand Bat,Right hand Bat,Left arm Fast
91,Yuvraj Singh,Mohammad Irfan,MS Dhoni,2,0,2,108,,9,8,3,-,6.0,14,0,,,field,Pakistan,1,M Chinnaswamy Stadium,2012,12,India_Pakistan_2012-12-25,Pakistan,India,Pakistan,False,133,Left hand Bat,Right hand Bat,Left arm Fast
92,MS Dhoni,Saeed Ajmal,Yuvraj Singh,0,0,0,108,,1,2,4,-,1.0,15,bowled,MS Dhoni,,field,Pakistan,1,M Chinnaswamy Stadium,2012,12,India_Pakistan_2012-12-25,Pakistan,India,Pakistan,False,133,Right hand Bat,Left hand Bat,Right arm Offbreak
93,SK Raina,Saeed Ajmal,Yuvraj Singh,0,0,0,108,,0,1,4,-,2.0,15,0,,,field,Pakistan,1,M Chinnaswamy Stadium,2012,12,India_Pakistan_2012-12-25,Pakistan,India,Pakistan,False,133,Left hand Bat,Left hand Bat,Right arm Offbreak
94,SK Raina,Saeed Ajmal,Yuvraj Singh,0,0,0,108,,0,2,4,-,3.0,15,0,,,field,Pakistan,1,M Chinnaswamy Stadium,2012,12,India_Pakistan_2012-12-25,Pakistan,India,Pakistan,False,133,Left hand Bat,Left hand Bat,Right arm Offbreak
95,SK Raina,Saeed Ajmal,Yuvraj Singh,1,0,1,109,,1,3,4,-,4.0,15,0,,,field,Pakistan,1,M Chinnaswamy Stadium,2012,12,India_Pakistan_2012-12-25,Pakistan,India,Pakistan,False,133,Left hand Bat,Left hand Bat,Right arm Offbreak
96,Yuvraj Singh,Saeed Ajmal,SK Raina,0,1,1,110,,9,9,4,wides,4.0,15,0,,,field,Pakistan,1,M Chinnaswamy Stadium,2012,12,India_Pakistan_2012-12-25,Pakistan,India,Pakistan,False,133,Left hand Bat,Left hand Bat,Right arm Offbreak
97,Yuvraj Singh,Saeed Ajmal,SK Raina,1,0,1,111,,10,10,4,-,5.0,15,0,,,field,Pakistan,1,M Chinnaswamy Stadium,2012,12,India_Pakistan_2012-12-25,Pakistan,India,Pakistan,False,133,Left hand Bat,Left hand Bat,Right arm Offbreak
98,SK Raina,Saeed Ajmal,Yuvraj Singh,4,0,4,115,,5,4,4,-,6.0,15,0,,,field,Pakistan,1,M Chinnaswamy Stadium,2012,12,India_Pakistan_2012-12-25,Pakistan,India,Pakistan,False,133,Left hand Bat,Left hand Bat,Right arm Offbreak
99,Yuvraj Singh,Umar Gul,SK Raina,0,0,0,115,,10,11,4,-,1.0,16,0,,,field,Pakistan,1,M Chinnaswamy Stadium,2012,12,India_Pakistan_2012-12-25,Pakistan,India,Pakistan,False,133,Left hand Bat,Left hand Bat,Right arm Fast
100,Yuvraj Singh,Umar Gul,SK Raina,0,0,0,115,,10,12,5,-,2.0,16,caught,Yuvraj Singh,Umar Akmal,field,Pakistan,1,M Chinnaswamy Stadium,2012,12,India_Pakistan_2012-12-25,Pakistan,India,Pakistan,False,133,Left hand Bat,Left hand Bat,Right arm Fast
101,SK Raina,Umar Gul,RG Sharma,2,0,2,117,,7,5,5,-,3.0,16,0,,,field,Pakistan,1,M Chinnaswamy Stadium,2012,12,India_Pakistan_2012-12-25,Pakistan,India,Pakistan,False,133,Left hand Bat,Right hand Bat,Right arm Fast
102,SK Raina,Umar Gul,RG Sharma,1,0,1,118,,8,6,5,-,4.0,16,0,,,field,Pakistan,1,M Chinnaswamy Stadium,2012,12,India_Pakistan_2012-12-25,Pakistan,India,Pakistan,False,133,Left hand Bat,Right hand Bat,Right arm Fast
103,RG Sharma,Umar Gul,SK Raina,1,0,1,119,,1,1,5,-,5.0,16,0,,,field,Pakistan,1,M Chinnaswamy Stadium,2012,12,India_Pakistan_2012-12-25,Pakistan,India,Pakistan,False,133,Right hand Bat,Left hand Bat,Right arm Fast
104,SK Raina,Umar Gul,RG Sharma,2,0,2,121,,10,7,5,-,6.0,16,0,,,field,Pakistan,1,M Chinnaswamy Stadium,2012,12,India_Pakistan_2012-12-25,Pakistan,India,Pakistan,False,133,Left hand Bat,Right hand Bat,Right arm Fast
105,RG Sharma,Saeed Ajmal,SK Raina,1,0,1,122,,2,2,5,-,1.0,17,0,,,field,Pakistan,1,M Chinnaswamy Stadium,2012,12,India_Pakistan_2012-12-25,Pakistan,India,Pakistan,False,133,Right hand Bat,Left hand Bat,Right arm Offbreak
106,SK Raina,Saeed Ajmal,RG Sharma,0,0,0,122,,10,8,5,-,2.0,17,0,,,field,Pakistan,1,M Chinnaswamy Stadium,2012,12,India_Pakistan_2012-12-25,Pakistan,India,Pakistan,False,133,Left hand Bat,Right hand Bat,Right arm Offbreak
107,SK Raina,Saeed Ajmal,RG Sharma,0,0,0,122,,10,9,6,-,3.0,17,bowled,SK Raina,,field,Pakistan,1,M Chinnaswamy Stadium,2012,12,India_Pakistan_2012-12-25,Pakistan,India,Pakistan,False,133,Left hand Bat,Right hand Bat,Right arm Offbreak
108,RA Jadeja,Saeed Ajmal,RG Sharma,1,0,1,123,,1,1,7,-,4.0,17,run out,RG Sharma,Shoaib Malik,field,Pakistan,1,M Chinnaswamy Stadium,2012,12,India_Pakistan_2012-12-25,Pakistan,India,Pakistan,False,133,Left hand Bat,Right hand Bat,Right arm Offbreak
109,RA Jadeja,Saeed Ajmal,B Kumar,0,0,0,123,,1,2,7,-,5.0,17,0,,,field,Pakistan,1,M Chinnaswamy Stadium,2012,12,India_Pakistan_2012-12-25,Pakistan,India,Pakistan,False,133,Left hand Bat,Right hand Bat,Right arm Offbreak
110,RA Jadeja,Saeed Ajmal,B Kumar,1,0,1,124,,2,3,7,-,6.0,17,0,,,field,Pakistan,1,M Chinnaswamy Stadium,2012,12,India_Pakistan_2012-12-25,Pakistan,India,Pakistan,False,133,Left hand Bat,Right hand Bat,Right arm Offbreak
111,RA Jadeja,Umar Gul,B Kumar,0,0,0,124,,2,4,8,-,1.0,18,caught,RA Jadeja,Kamran Akmal,field,Pakistan,1,M Chinnaswamy Stadium,2012,12,India_Pakistan_2012-12-25,Pakistan,India,Pakistan,False,133,Left hand Bat,Right hand Bat,Right arm Fast
112,I Sharma,Umar Gul,B Kumar,0,0,0,124,,0,1,9,-,2.0,18,bowled,I Sharma,,field,Pakistan,1,M Chinnaswamy Stadium,2012,12,India_Pakistan_2012-12-25,Pakistan,India,Pakistan,False,133,Right hand Bat,Right hand Bat,Right arm Fast
113,AB Dinda,Umar Gul,B Kumar,0,0,0,124,,0,1,9,-,3.0,18,0,,,field,Pakistan,1,M Chinnaswamy Stadium,2012,12,India_Pakistan_2012-12-25,Pakistan,India,Pakistan,False,133,Right hand Bat,Right hand Bat,Right arm Fast
114,AB Dinda,Umar Gul,B Kumar,1,0,1,125,,1,2,9,-,4.0,18,0,,,field,Pakistan,1,M Chinnaswamy Stadium,2012,12,India_Pakistan_2012-12-25,Pakistan,India,Pakistan,False,133,Right hand Bat,Right hand Bat,Right arm Fast
115,B Kumar,Umar Gul,AB Dinda,0,0,0,125,,0,1,9,-,5.0,18,0,,,field,Pakistan,1,M Chinnaswamy Stadium,2012,12,India_Pakistan_2012-12-25,Pakistan,India,Pakistan,False,133,Right hand Bat,Right hand Bat,Right arm Fast
116,B Kumar,Umar Gul,AB Dinda,1,0,1,126,,1,2,9,-,6.0,18,0,,,field,Pakistan,1,M Chinnaswamy Stadium,2012,12,India_Pakistan_2012-12-25,Pakistan,India,Pakistan,False,133,Right hand Bat,Right hand Bat,Right arm Fast
117,B Kumar,Sohail Tanvir,AB Dinda,1,0,1,127,,2,3,9,-,1.0,19,0,,,field,Pakistan,1,M Chinnaswamy Stadium,2012,12,India_Pakistan_2012-12-25,Pakistan,India,Pakistan,False,133,Right hand Bat,Right hand Bat,Left arm Medium
118,AB Dinda,Sohail Tanvir,B Kumar,1,0,1,128,,2,3,9,-,2.0,19,0,,,field,Pakistan,1,M Chinnaswamy Stadium,2012,12,India_Pakistan_2012-12-25,Pakistan,India,Pakistan,False,133,Right hand Bat,Right hand Bat,Left arm Medium
119,B Kumar,Sohail Tanvir,AB Dinda,1,0,1,129,,3,4,9,-,3.0,19,0,,,field,Pakistan,1,M Chinnaswamy Stadium,2012,12,India_Pakistan_2012-12-25,Pakistan,India,Pakistan,False,133,Right hand Bat,Right hand Bat,Left arm Medium
120,AB Dinda,Sohail Tanvir,B Kumar,1,0,1,130,,3,4,9,-,4.0,19,0,,,field,Pakistan,1,M Chinnaswamy Stadium,2012,12,India_Pakistan_2012-12-25,Pakistan,India,Pakistan,False,133,Right hand Bat,Right hand Bat,Left arm Medium
121,B Kumar,Sohail Tanvir,AB Dinda,2,0,2,132,,5,5,9,-,5.0,19,0,,,field,Pakistan,1,M Chinnaswamy Stadium,2012,12,India_Pakistan_2012-12-25,Pakistan,India,Pakistan,False,133,Right hand Bat,Right hand Bat,Left arm Medium
122,B Kumar,Sohail Tanvir,AB Dinda,1,0,1,133,,6,6,9,-,6.0,19,0,,,field,Pakistan,1,M Chinnaswamy Stadium,2012,12,India_Pakistan_2012-12-25,Pakistan,India,Pakistan,False,133,Right hand Bat,Right hand Bat,Left arm Medium
